Step ID,SN,Project Step,Sequence,Status,Start Date,End Date,Notes,Attachment,Owner,Reviewer,Datapack,"X1 Project
[Development]","X2 / Gen 2 Project
[Sustenance]",,,,,,,,,,,,,
1-X1,1.0,Project Requirements,1.0,,,,,,ECR Initiator,Module Lead,"Part / Process change requirements, interactions, Project goals, Vendor audit and selection, Should cost, quotation against volumes, target cost vs feature analysis, lead time, MOQ, ECR Document and impact on all functions including OEM/ customers and need for re-homologation",Yes,Yes,,,,,,,,,,,,,
2-X1,2.0,Impact Analysis by Stakeholders,2.0,,,,,,ENG / PE,All ECR Stakeholders,"Document for impact on all systems, products, verticals",No,Yes,,,,,,,,,,,,,
3-X1,3.0,Proof of Concept,3.0,,,,,,ENG / PE,"PM, SYS, PQ, DVT, VCD, PE, SCM, AE","Eng spec, decision matrix, simulations, virtual analysis and validation reports",Yes,Yes,,,,,,,,,,,,,
4-X1,4.0,XFMEA,4.0,,,,,,ENG / PE,"PQ, DVT, VCD, SCM","P-diagram, Risk register with risk status, risk action, design bottlenecks and program risks",Yes,Yes,,,,,,,,,,,,,
5-X1,5.0,EVT / Process Trial List,5.0,,,,,,ENG / PE,"SYS, PQ, DVT","Scope for Unit testing, functional testing, system testing, field testing, DUT requirements, Test (manpower, time and rig) requirements, process trial list with risk mapping",Yes,Yes,,,,,,,,,,,,,
6-X1,6.0,Validation Testing,6.0,,,,,,ENG / DVT,"SYS, PQ, DVT","EVT Report with Unit testing, functional testing, system testing, field testing",Yes,Yes,,,,,,,,,,,,,
7-X1,7.0,Process Trials,7.0,,,,,,PE,"SCM, ENG",Process trial report,Yes,Yes,,,,,,,,,,,,,
8-X1,8.0,MFG Strategy and DFX,8.0,,,,,,VCD / PE / Service,"SCM, ENG","DFX feedback, Manufacturing strategy",Yes,Yes,,,,,,,,,,,,,
9-X1,9.0,Change Request Approval,9.0,,,,,,ECR Initiator,All ECR Stakeholders,"ECR Document, Stakeholder approval, Design and Specification reconciliation, ECN Document and impact on all functions including OEM/ customers and need for re-homologation",No,Yes,,,,,,,,,,,,,
10-X1,10.0,Documentation Release (Design/ AI/ CTQ) and Tool Release,10.0,,,,,,ENG / PE,"PQ, DVT, AE, VCD, SCM, MFG","Drawing, Schematic Layout, Gerber, EBOM, MBOM, Data sheets, AICTQ, work instructions, derating analysis, tolerance stack / simulation, summary report design release",Yes,Yes,,,,,,,,,,,,,
11-X1,11.0,Commercial negotiations and PO release,11.0,,,,,,SCM,"Finance, VCD","Final quote against volumes, payment terms, INCO terms, PO, Tooling project timeline",Yes,Yes,,,,,,,,,,,,,
12-X1,12.0,"QAP, IQC Definition",12.0,,,,,,VCD,"PQ, SCM, ENG","QAP, IQC scope",Yes,Yes,,,,,,,,,,,,,
13-X1,13.0,CR Impact Risk Action Implementation,13.0,,,,,,All ECR Stakeholders,Program,"Action Implementation report, stakeholder approval",Yes,Yes,,,,,,,,,,,,,
14-X1,14.0,Tool corrections and re-trial,14.0,,,,,,VCD,"PQ, ENG, SCM, PE","T0 sample QC report, Tool modifications based on revised drawings, if any",Yes,Yes,,,,,,,,,,,,,
15-X1,15.0,PPAP with QAP Sign-off,15.0,,,,,,"VCD, SCM",PQ,"Tooled and Non-tooled parts PPAP audit report, Inventory Schedule, PDI reports",Yes,Yes,,,,,,,,,,,,,
16-X1,16.0,Production Line Break-in,16.0,,,,,,MFG,"PQ, PE, IQC, IPQC","Inventory Plan, Build plan, QC Report",No,Yes,,,,,,,,,,,,,
17-X1,17.0,Production Bug Review,17.0,,,,,,PQ,Engineering,"Bug descreption, occurance, context and circumstances",No,Yes,,,,,,,,,,,,,
